GivenName,Surname,City,ZipCode,Username,Occupation,Title,TelephoneNumber
Max,Weller,Zwolle,8011 SJ,M.Weller,Audio-visual collections specialist,Mr.,06-54113711
Wilhelmina,Kruize,Ede,6715 JM,W.Kruize,Prison guard,Ms.,06-68234675
Thelma,Russchen,Haarlem,2031 CJ,T.Russchen,Human resources generalist,Ms.,06-56835066
Dursun,Runderkamp,Roosendaal,4702 EB,D.Runderkamp,Transmission technician,Mr.,06-91631911
Agnieszka,Schreur,Hazerswoude Dorp,2391 VD,A.Schreur,Coil winder,Mrs.,06-90807634
Quintijn,Hazenoot,Brouwershaven,4318 EC,Q.Hazenoot,Public address system announcer,Mr.,06-35630433
Fadma,Ramkisoen,Wassenaar,2241 JD,F.Ramkisoen,Cooling and freezing equipment tender,Dr.,06-64665832
Nassira,Leeman,Rotterdam,3073 WH,N.Leeman,Credit counselor,Ms.,06-33317071
Kaya,van Helvoirt,s-Hertogenbosch,5236 WK,K.vanHelvoirt,Paleontologist,Mr.,06-65329118
Marielle,Oosterhuis,Rotterdam,3042 HJ,M.Oosterhuis,Private accountant,Mrs.,06-45517986
Rahul,Verhoef,Nieuwerkerk aan den IJssel,2914 TB,R.Verhoef,Personal trainer,Mr.,06-12726838
Hanny,Gordijn,Westergeest,9295 LC,H.Gordijn,Poultry trimmer,Ms.,06-21080926
Jordana,Klijs,Snelrewaard,3425 ET,J.Klijs,Stock trader,Ms.,06-86897376
Kyana,Helzken,Middelburg,4336 GS,K.Helzken,Streetcar operator,Mrs.,06-22906856
Davin,Bouter,Almere,1326 HV,D.Bouter,Administrative support specialist,Mr.,06-10418147
Nanne,Handels,Den Haag,2561 VT,N.Handels,Child welfare social worker,Mrs.,06-43163696
Sandor,van Hoeve,Someren,5712 RN,S.vanHoeve,Cardiovascular technician,Mr.,06-59494813
Brian,van Muijden,Den Helder,1788 CE,B.vanMuijden,Real estate manager,Mr.,06-67823462
Maick,Verhaegh,Easterein,8734 HP,M.Verhaegh,IT manager,Mr.,06-60972148
Reint,Endeman,Nijverdal,7443 TT,R.Endeman,Power plant mechanic,Mr.,06-10454744
Warsha,Ay,Beverwijk,1945 TW,W.Ay,Structural and reinforcing iron and metal worker,Ms.,06-92749481
Martje,van Kats,De Westereen,9271 BA,M.vanKats,Office administrative assistant,Ms.,06-15478863
Jonatan,van Renselaar,Kootstertille,9288 GB,J.vanRenselaar,Sociocultural anthropologist,Mr.,06-70112918
Muharrem,van de Lagemaat,Den Haag,2564 BN,M.vandeLagemaat,Rolling machine operator,Mr.,06-15549584
Moniek,Ho,Loosdrecht,1231 NP,M.Ho,Documentation specialist,Mrs.,06-82170816
Billal,Tetteroo,Oostkapelle,4356 JA,B.Tetteroo,Service technician,Mr.,06-29966869
Chanique,Wijnhoven,Den Haag,2516 GT,C.Wijnhoven,Travel consultant,Mrs.,06-65449011
Esli,Drewes,Hoogeveen,7908 HG,E.Drewes,Real property assessor,Ms.,06-85548765
Semira,Evers,Eindhoven,5614 CL,S.Evers,Chief information officer,Mrs.,06-28212047
Mirco,Jongeneel,Breda,4826 HS,M.Jongeneel,Multiple machine tool operator,Mr.,06-31006317
Rainer,Reijerse,Beverwijk,1944 PE,R.Reijerse,Organizational development manager,Mr.,06-44055258
Lambert,Wolbers,Rhoon,3161 KK,L.Wolbers,Handymen,Mr.,06-41782443
Lottie,Tielemans,Ritthem,4389 PK,L.Tielemans,Undertaker,Mrs.,06-47506459
Natasha,Sueters,Weert,6002 ST,N.Sueters,Film and video editor,Mrs.,06-46752304
Abdifatah,de Olde,Achtmaal,4885 AB,A.deOlde,Real estate asset manager,Mr.,06-65293195
Annelise,Rosenberg,Schipluiden,2636 HX,A.Rosenberg,Chairperson of the board,Ms.,06-12407964
Erdem,Boermans,Zwaag,1689 EX,E.Boermans,Image consultant,Mr.,06-83357281
Jereme,Regtop,Rotterdam,3045 XK,J.Regtop,Keeper,Mr.,06-45332151
Naut,Nuij,Eefde,7211 LC,N.Nuij,Meeting director,Mr.,06-49233517
Ellemieke,Wekking,Zwolle,8021 DJ,E.Wekking,Occupational health nurse,Ms.,06-78611032
Nicolay,Hofs,Opheusden,4043 KV,N.Hofs,Payroll clerk,Mr.,06-70160598
Emilie,Verhoeff,Maastricht,6228 EM,E.Verhoeff,Interior decorator,Mrs.,06-32683885
Jorieke,Ruben,Oostzaan,1511 BM,J.Ruben,Anthropologist,Ms.,06-21826143
Kayra,Nouws,Feanwelden,9269 RB,K.Nouws,Instructional coach,Mr.,06-67573554
Aletta,Punt,Den Ilp,1127 PK,A.Punt,Marshal,Mrs.,06-89325409
Melanie,Duim,Weert,6001 CM,M.Duim,Forest fire prevention specialist,Mrs.,06-89723683
Kit,Kolijn,Hoorn,1621 KC,K.Kolijn,Business management consultant,Dr.,06-54928920
Ynte,Hoekzema,Oldenzaal,7574 ZJ,Y.Hoekzema,Conductor,Mr.,06-30767943
Devlin,Schuringa,Coevorden,7741 SR,D.Schuringa,Compensation and benefits technician,Mr.,06-38521113
Tuba,Pothuizen,Wassenaar,2242 GZ,T.Pothuizen,Blogger,Ms.,06-36688773
Noor,van Son,Leiderdorp,2351 EZ,N.vanSon,Silversmith,Ms.,06-89269314
Chaimaa,Leurs,Schiedam,3122 CS,C.Leurs,Computer database administrator,Mrs.,06-54747995
Kristy,Hussain,Nistelrode,5388 RT,K.Hussain,Taper,Mrs.,06-14065015
Shaina,Ballast,Ravenstein,5371 CK,S.Ballast,Supply manager,Mrs.,06-36354066
Alfredo,Rip,Den Haag,2522 CP,A.Rip,Airline flight engineer,Mr.,06-47109012
Jaela,Klomp,Amsterdam,1032 HR,J.Klomp,Public relations specialist,Mrs.,06-98197116
Lubna,Kaptein,Boelenslaan,9233 KN,L.Kaptein,College instructor,Mrs.,06-40830343
Yahya,Bossink,Prinsenbeek,4841 SE,Y.Bossink,Park naturalist,Mr.,06-75021091
Phylicia,Lahaije,Stavenisse,4696 PC,P.Lahaije,Inorganic chemist,Mrs.,06-50309489
Widad,van de Ven,Deventer,7413 AH,W.vandeVen,Water transportation occupation,Mrs.,06-49482716
Caecilia,Lenssen,Culemborg,4101 AB,C.Lenssen,Staffing consultant,Mrs.,06-69388497
Fenno,Derix,De Krim,7782 SK,F.Derix,Job analyst,Mr.,06-45136255
Jarno,Langeler,Amersfoort,3822 CZ,J.Langeler,Ticket seller,Mr.,06-51375905
Marthijn,Simonis,Rotterdam,3066 ED,M.Simonis,Convention planner,Mr.,06-58106493
Rombout,Paardekooper,Amsterdam,1095 BW,R.Paardekooper,Bookkeeping clerk,Mr.,06-59882584
Martina,van der Burgt,Hazerswoude Rijndijk,2394 GS,M.vanderBurgt,Agricultural manager,Mrs.,06-92928407
Abdeslam,Kosse,Eindhoven,5625 BJ,A.Kosse,Survey researcher,Mr.,06-99570878
Randy,da Silva,Nuland,5391 AV,R.daSilva,Community support worker,Ms.,06-92044416
Miron,Lemans,Amsterdam-Zuidoost,1108 BD,M.Lemans,Title searcher,Mr.,06-11708720
Zenna,van Doornik,Leiden,2332 KK,Z.vanDoornik,Environmental meteorologist,Mrs.,06-74187017
Ate,van Montfoort,Nootdorp,2631 VJ,A.vanMontfoort,Correctional treatment specialist,Mr.,06-48860379
Maaike,Snel,Almere,1312 XH,M.Snel,Desktop publisher,Ms.,06-45968331
Ibe,de Bekker,Zuidhorn,9801 CR,I.deBekker,Nutritionist,Mr.,06-44024006
Olger,Klein,Zwijndrecht,3331 EN,O.Klein,Biological technician,Mr.,06-58478889
Anne,Deelstra,Amersfoort,3813 DX,A.Deelstra,Construction mechanic,Mrs.,06-36071592
Sohrab,Cornelis,Diessen,5087 BA,S.Cornelis,Police officer,Mr.,06-84291197
Ebenezer,Vernooij,Oeffelt,5441 BG,E.Vernooij,Adjudicator,Mr.,06-25303329
Alice,van Brink,Zwolle,8011 AD,A.vanBrink,Building inspector,Ms.,06-36409139
Bijou,Bulthuis,Enschede,7522 EW,B.Bulthuis,University faculty,Ms.,06-68960443
Dhiradj,Sas,s-Hertogenbosch,5212 VL,D.Sas,Cooking instructor,Mr.,06-86997743
Renee,Griffioen,Leusden,3831 VV,R.Griffioen,Historian,Ms.,06-26490721
Dragan,Koolwijk,Leiden,2311 MZ,D.Koolwijk,Marketing specialist,Mr.,06-80685045
Eugene,van der Klei,Stolwijk,2821 XJ,E.vanderKlei,Gerontology social worker,Mr.,06-35671746
Michael,Robijn,Zoetermeer,2729 AT,M.Robijn,Paleontologist,Mr.,06-79191428
Donya,de Roos,Almere,1313 KH,D.deRoos,Greenhouse manager,Mrs.,06-51147441
Silja,Bonekamp,Grave,5361 JL,S.Bonekamp,Civil engineer,Dr.,06-74629113
Yanaika,de Roo,Tynaarlo,9482 RV,Y.deRoo,Community planner,Mrs.,06-82840894
Fransje,Freriksen,Venlo,5928 PB,F.Freriksen,Career-technical teacher,Ms.,06-74152807
Christoffel,Runia,Breda,4822 PC,C.Runia,Diagnostic medical sonographer,Mr.,06-47050471
Maximiliaan,Linssen,Tholen,4691 DZ,M.Linssen,Pilot,Mr.,06-98024309
Sandy,van Baal,Joure,8501 HC,S.vanBaal,Art director,Ms.,06-46043305
Bob,Frenken,Rotterdam,3082 JD,B.Frenken,Institution and cafeteria cook,Mr.,06-76833352
Roxan,'t Jong,Amsterdam,1072 TS,R.'tJong,Light truck driver,Ms.,06-84169107
Mirco,Kist,Monster,2681 XG,M.Kist,Motorboat operator,Mr.,06-38104635
Jeremia,Offerman,Amsterdam,1056 CZ,J.Offerman,Human resources supervisor,Mr.,06-76256255
Abraham,Nooren,Drunen,5151 VT,A.Nooren,Administrative technician,Mr.,06-23401037
Noud,van Galen,Duiven,6921 WT,N.vanGalen,Refuse and recyclable material collector,Mr.,06-35395737
Vinny,eieek,Oosterhout,4901 ZZ,V.eieek,Hunter,Mr.,06-55434069
Meike,Glastra,Amersfoort,3823 JX,M.Glastra,Airline steward,Ms.,06-39863628
Dominique,van de Streek,Harlingen,8862 RK,D.vandeStreek,Business support assistant,Mrs.,06-18731660
Dayna,Arling,Koog aan de Zaan,1541 DV,D.Arling,Legal assistant,Ms.,06-52386396
Robi,Steketee,De Bilt,3731 AJ,R.Steketee,Ticket clerk,Ms.,06-13128153
Sertae,Cornelisse,Overveen,2051 JG,S.Cornelisse,Credit clerk,Mr.,06-96314023
Ibtisame,Jumelet,Uithuizermeeden,9982 BA,I.Jumelet,Stock trader,Ms.,06-51040408
Georgina,Lindeboom,Spijkenisse,3207 CA,G.Lindeboom,Structural and reinforcing iron and metal worker,Ms.,06-54843856
Geordi,Huijer,Castricum,1902 KJ,G.Huijer,Ultrasound technologist,Mr.,06-79325587
Denny,Louwers,Eindhoven,5625 SN,D.Louwers,Meat cutter,Mr.,06-42409014
Marlisa,Buist,Eersel,5521 KB,M.Buist,Instructional materials director,Ms.,06-12018107
Ivy,van Lohuizen,Tiel,4001 SJ,I.vanLohuizen,Estimator,Ms.,06-13928907
Jay-Jay,Keijser,Nieuw Vennep,2153 LT,Jay-J.Keijser,Piano tuner,Mr.,06-96378883
Nanette,Prenger,Eindhoven,5654 JJ,N.Prenger,Emergency care nurse,Mrs.,06-74610990
Lycke,Vlasman,Nieuw-Namen,4568 BG,L.Vlasman,Counselor,Mrs.,06-83525694
Timme,Schild,Numansdorp,3281 BH,T.Schild,Wastewater treatment plant and system operator,Mr.,06-83251003
Brandy,Sprenkels,Spijkenisse,3202 BP,B.Sprenkels,Archaeologist,Dr.,06-90649970
Kirsten,Grol,Kortgene,4484 TD,K.Grol,Occupational therapist assistant,Ms.,06-74825070
Rosalin,Vervaart,Cuijk,5431 KR,R.Vervaart,Order processor,Mrs.,06-70365290
Ludwina,Schoonenberg,Pijnacker,2641 CC,L.Schoonenberg,Staff development specialist,Mrs.,06-36206418
Seb,van Walsem,Rotterdam,3083 KJ,S.vanWalsem,Automated teller machine technician,Mr.,06-22068292
Seeil,Kater,Den Haag,2515 SX,S.Kater,Food and tobacco roasting,,06-82635698
Casandra,Vlaar,Apeldoorn,7312 DJ,C.Vlaar,Diesel service technician,Mrs.,06-44328908
Sam,Kerkvliet,Scharendijke,4322 CB,S.Kerkvliet,Lawyer,Mr.,06-60914632
Sjors,van de Bovenkamp,Assen,9405 AX,S.vandeBovenkamp,Dry-cleaning worker,Mr.,06-37486311
Joel,van Weelden,Doetinchem,7007 JK,J.vanWeelden,Babysitter,Mr.,06-85930765
Shailesh,Vellinga,Dordrecht,3312 AB,S.Vellinga,Crossing guard,Mr.,06-29912744
Lema,Boereboom,Den Haag,2571 PW,L.Boereboom,Network administrator,Ms.,06-73330450
Aswin,van de Sande,Warnsveld,7232 BE,A.vandeSande,Chief operating officer,Mr.,06-30614246
Romay,Blokdijk,Beverwijk,1948 RL,R.Blokdijk,Food science technician,Mrs.,06-84400734
Levina,Thalen,Nieuwleusen,7711 NX,L.Thalen,Network architect,Ms.,06-51103285
Rosina,Raatjes,Berghem,5351 AL,R.Raatjes,Circulation assistant,Ms.,06-14382204
Yousif,Lang,Oosthuizen,1474 RH,Y.Lang,Wholesale buyer,Mr.,06-32538881
Beyzanur,van der Loo,Nieuw-Lekkerland,2957 AN,B.vanderLoo,Human resources coordinator,Ms.,06-58390665
Navid,Kloet,Middelburg,4332 TJ,N.Kloet,Loan underwriter,Mr.,06-70527854
Bernd,Hassan,Hilversum,1217 SV,B.Hassan,Ceiling tile installer,Mr.,06-57205762
Zaineb,Oostrom,Kampen,8261 AW,Z.Oostrom,CNC operator,Ms.,06-54729983
Bente,Lammens,Almere,1312 NX,B.Lammens,Station agent,Ms.,06-60675922
Nickey,van 't Hoenderdaal,Vlissingen,4381 EW,N.van'tHoenderdaal,Manpower development manager,Ms.,06-62744152
Camilo,Salomons,Venlo,5914 TW,C.Salomons,Public housing manager,Mr.,06-11853188
Jelly,Nieuwenhuis,Heino,8141 CA,J.Nieuwenhuis,Benefits clerk,Ms.,06-77275750
Hanne,van Dal,Asperen,4147 EG,H.vanDal,Journalist,Mr.,06-18241274
Neeltje,Schildkamp,Alkmaar,1815 HE,N.Schildkamp,Administrative office assistant,Ms.,06-35369416
Jergen,Kniest,Eemnes,3755 JT,J.Kniest,Portrait photographer,Mr.,06-69466221
Raman,Mansveld,Helmond,5706 EH,R.Mansveld,Plant scientist,Mr.,06-76129518
Djuri,Pijnenburg,Alkmaar,1827 NC,D.Pijnenburg,Electrotyper,Mr.,06-45292846
Raven,Aerts,Utrecht,3562 GN,R.Aerts,Graphic designer,Mrs.,06-25427443
Constance,Mozes,Schiphol-Rijk,1119 RA,C.Mozes,Horse trainer,Mrs.,06-60837114
Jean-Pierre,van der Slot,Vroomshoop,7681 RE,Jean-P.vanderSlot,Scaler,Mr.,06-15922110
Gregory,den Haan,Utrecht,3553 JL,G.denHaan,Land acquisition manager,Mr.,06-26695975
Alihan,Commandeur,Vlissingen,4381 EK,A.Commandeur,Nursery worker,Mr.,06-39540292
Gilano,Rietjens,Amsterdam,1082 EM,G.Rietjens,Skills training coordinator,Mr.,06-44434242
Lai,van Dalen,Delft,2611 KT,L.vanDalen,Rural mail carrier,Mrs.,06-15539492
Kiri,Eversdijk,Sint Annaland,4697 GA,K.Eversdijk,Drafter,Mrs.,06-30467929
Jetse,Hoogers,Tilburg,5022 EC,J.Hoogers,Banker investigator,Mr.,06-71011029
Gwendoline,Ram,Amsterdam,1076 LZ,G.Ram,Composing machine tender,Ms.,06-27058580
Jelka,Kortlever,Nijkerk,3863 ZT,J.Kortlever,Front-end mechanic,Mrs.,06-48715306
Mariah,Sneller,Oude-Niedorp,1734 JB,M.Sneller,Portfolio manager,Mrs.,06-44247747
Ridwan,Zuur,Leiderdorp,2353 GA,R.Zuur,Transplant nurse,Mr.,06-26015029
Ismahan,Fontaine,Ridderkerk,2986 CC,I.Fontaine,Banquet manager,Mrs.,06-89967220
Tea,Leeuwis,Uitgeest,1911 LJ,T.Leeuwis,Maintenance technician,Ms.,06-72394003
Manuel,van Oort,Broek in Waterland,1151 BK,M.vanOort,Shoe machine operator,Mr.,06-67340080
Sueda,van der Zon,Soest,3766 BR,S.vanderZon,Government accountant,Ms.,06-13456725
Jairo,Muntslag,Rotterdam,3073 GG,J.Muntslag,Short haul or local truck driver,Mr.,06-97085376
Etienne,Kruithof,Terborg,7061 GG,E.Kruithof,Elevator repairer,Mr.,06-28395743
Adelheid,Versteegh,Kerkrade,6463 CA,A.Versteegh,Real property appraiser,Mrs.,06-21836668
Wietse,Geschiere,Sittard,6135 KV,W.Geschiere,Social and human service assistant,Mr.,06-53835896
Arwa,El Azzouzi,Almere,1313 CJ,A.ElAzzouzi,Cleaning,,06-99331820
Rinus,Boven,Hengelo,7556 NG,R.Boven,Press operator,Mr.,06-36251555
Asha,Bakkali,Rosmalen,5241 CE,A.Bakkali,Keypunch operator,Mrs.,06-88551492
Fahri,Rust,Arnhem,6843 HM,F.Rust,Estimator project manager,Mr.,06-66404903
Redmer,Nierop,Geesteren,7678 TR,R.Nierop,Range conservationist,Mr.,06-33751034
Manuel,Hellendoorn,Bennekom,6721 JB,M.Hellendoorn,Occupational health and safety inspector,Mr.,06-14547842
Kathinka,Matla,Aalsmeer,1432 LR,K.Matla,Counter attendant,Ms.,06-67947900
Anne-Ruth,van Melis,Axel,4571 KA,Anne-R.vanMelis,Production assistant,Ms.,06-60831343
Jaap-Jan,van den Tillaart,Delft,2614 WD,J.vandenTillaart,Dipper,Mr.,06-46216626
Yoelle,Boef,Veenendaal,3901 SR,Y.Boef,Finisher,Mrs.,06-37534784
Reinald,Camps,Rijnsburg,2231 GN,R.Camps,Newscaster,Mr.,06-30198075
Yaelle,van Ittersum,Dordrecht,3315 XJ,Y.vanIttersum,Foundry mold and coremaker,Ms.,06-25761583
Tirza,Maatje,Huizen,1271 BE,T.Maatje,Industrial relations manager,Mrs.,06-57255500
Latifah,Vries,Maastricht,6227 GL,L.Vries,Staff manager,Mrs.,06-78797154
Natascha,Stemerdink,Klundert,4791 LJ,N.Stemerdink,Radio and telecommunications equipment installer,Ms.,06-58021387
Rafaela,Plasman,Amsterdam,1074 EX,R.Plasman,Transportation equipment painter,Ms.,06-78792686
Samuel,Veltmaat,Amsterdam,1082 AA,S.Veltmaat,Middle school teacher,Mr.,06-30860477
Teddie,Haarhuis,Amsterdam,1092 BG,T.Haarhuis,Administrative worker supervisor,Mrs.,06-57832331
Folkert,Luiting,Leusden,3834 CS,F.Luiting,Heavy vehicle and mobile equipment service technician,Mr.,06-34855563
Greg,Ringelberg,Enkhuizen,1601 EV,G.Ringelberg,Labor economist,Mr.,06-77124746
Nisa,Penninx,Zwijndrecht,3334 KK,N.Penninx,School and college counselor,Mrs.,06-51199759
Teske,van den Bout,Zaandam,1507 LG,T.vandenBout,Aircraft and avionics service technician,Ms.,06-63818468
Bonne,Rombout,Leidschendam,2266 HS,B.Rombout,Merchandise manager,Mr.,06-46928243
Gaby,Dubbink,Best,5683 BB,G.Dubbink,Massage therapist,Mr.,06-75076949
Aymane,Bukkems,Meteren,4194 RH,A.Bukkems,Winch operator,Mr.,06-59045224
Elles,van Riemsdijk,Den Haag,2586 AN,E.vanRiemsdijk,Agricultural product sorter,Mrs.,06-46647054
Corwin,van Veldhuizen,Eerbeek,6961 BA,C.vanVeldhuizen,Boiler mechanic,Mr.,06-12292493
M'hamed,Antens,Hulst,4561 PC,M.Antens,Industrial property manager,Mr.,06-66347038
Wander,Koopal,Groningen,9737 SG,W.Koopal,Buyers' agent,Mr.,06-38474090
Daan,Snoeck,Zandvoort,2042 LL,D.Snoeck,Deputy marshal,Mrs.,06-50382501
Ceciel,Veninga,Huizen,1271 VR,C.Veninga,Business administrator,Mrs.,06-83439902
Adrie,Ebbers,Nijmegen,6536 CS,A.Ebbers,Internist,Mr.,06-59701746
Deveny,Overwater,Arnhem,6836 MN,D.Overwater,Human resources clerk,Ms.,06-50419687
rem,Kon,Bleiswijk,2665 HB,R.Kon,Hand compositor,Mrs.,06-77785363
Fynn,van Haaren,Nunspeet,8072 XJ,F.vanHaaren,Bureau of Diplomatic Security special agent,Mr.,06-74879012
Elbert,Bossink,Almelo,7607 RK,E.Bossink,Office and administrative support worker supervisor,Mr.,06-54144606
August,Daniel,Heerhugowaard,1704 VX,A.Daniel,Machinery maintenance mechanic,Mr.,06-15000998
Wiek,Korbee,Oosterhout,4906 HG,W.Korbee,Personal secretary,Mr.,06-45649060
Marlijn,van Amersfoort,Breda,4826 GV,M.vanAmersfoort,Cardiographer,Ms.,06-66098112
Anjali,Murk,Philippine,4553 NG,A.Murk,Ophthalmic medical assistant,Dr.,06-82981270
Declan,Dudok,Beilen,9411 BN,D.Dudok,Institution and cafeteria cook,Mr.,06-70035200
Sammy-Jo,Kleinsman,Wijk bij Duurstede,3962 CA,Sammy-J.Kleinsman,Dental technician,Ms.,06-29882578
Payam,Pleijsier,Groningen,9743 TW,P.Pleijsier,Literary interpreter,Mr.,06-65482985
Halima,Mol,Balkbrug,7707 SE,H.Mol,Poultry scientist,Ms.,06-72059000
Diana,Fokke,Castricum,1901 XX,D.Fokke,Architect,Mrs.,06-35211185
Funs,van Remmerden,Heeze,5591 AK,F.vanRemmerden,Market and survey researcher,Mr.,06-15081950
Indra,Berkhoff,Sint Annaland,4697 DH,I.Berkhoff,School psychologist,Mrs.,06-66179057
Yke,Lammerts van Bueren,Groningen,9741 LK,Y.LammertsvanBueren,Public health dentist,Ms.,06-35043547
Isolde,Meulenberg,Middelburg,4336 JP,I.Meulenberg,Excavating and loading machine and dragline operator,Ms.,06-84821154
Nicola,Tramper,Oostzaan,1511 WG,N.Tramper,Power plant distributor,Mrs.,06-67230889
Ichelle,de Windt,Made,4921 PR,I.deWindt,Dishwasher,Mrs.,06-60483074
Marouan,Haveman,Borne,7622 GW,M.Haveman,Gaming machine servicer,Mr.,06-23258834
Yuki,Kempen,Gastel,6028 RH,Y.Kempen,X-ray technician,Mrs.,06-43638183
Heidi,Ruitenbeek,Apeldoorn,7311 MG,H.Ruitenbeek,Manufacturers,Ms.,06-17393012
Yassmine,de Pooter,Wemeldinge,4424 CS,Y.dePooter,Street vendor,Mrs.,06-20587991
Antonio,Boumans,Uitgeest,1911 HC,A.Boumans,Personal attendant,Mr.,06-68577674
Talisa,Edel,Alphen aan den Rijn,2406 AT,T.Edel,Personnel assistant,Mrs.,06-46539320
Bilge,Idsinga,Amsterdam,1066 AS,B.Idsinga,Transit and railroad police,Ms.,06-59129447
Sheetal,Huisman,Lutten,7775 BA,S.Huisman,Electromechanical engineering technician,Mrs.,06-11250990
Walter,Venmans,Leiden,2332 BJ,W.Venmans,Billing machine operator,Mr.,06-33900053
Bastiaan,van Daal,Leiden,2332 ZA,B.vanDaal,Oral radiologist,Dr.,06-68295956
Raff,Nowee,Gerkesklooster,9873 TD,R.Nowee,Extruding,,06-14236015
Sheldon,Aalbers,Twijzel,9286 GK,S.Aalbers,Ambulance dispatcher,Mr.,06-32385733
Serah,van Krugten,Nederhorst den Berg,1394 AG,S.vanKrugten,Molding,,06-29016651
Norbertus,van Setten,Monster,2681 GB,N.vanSetten,Distribution clerk,Dr.,06-36109016
Bowy,Hondebrink,Riethoven,5561 TW,B.Hondebrink,Family therapist,Mr.,06-76259130
Rudger,Aarnoutse,Oostvoorne,3233 VT,R.Aarnoutse,Hand packager,Mr.,06-68969413
Tije,Weerheim,Enschede,7544 LV,T.Weerheim,Education and training manager,Mr.,06-80853350
Hanim,Stokkink,Duizel,5525 KR,H.Stokkink,Business office assistant,Ms.,06-86397772
Wiebe,Mulders,Waspik,5165 PV,W.Mulders,Independent adjuster,Mr.,06-53655180
Burak,van de Walle,Aerdenhout,2111 WG,B.vandeWalle,Management analyst,Mr.,06-83299277
Sacha,van Oosterwijk,Maastricht,6214 RD,S.vanOosterwijk,Commercial loan officer,Ms.,06-54420129
Seger,Smedts,Delft,2625 BN,S.Smedts,Personnel administrator,Mr.,06-48262109
Saleh,Scheeren,Vinkeveen,3645 AP,S.Scheeren,Ship engineer,Mr.,06-90822324
Wendie,Hajji,Denekamp,7591 NR,W.Hajji,Carpenter,Ms.,06-50648162
Eppo,Slager,Borne,7623 AR,E.Slager,Fire investigator,Mr.,06-51893874
Gamze,Wierenga,Rotterdam,3038 PR,G.Wierenga,Logging equipment operator,Ms.,06-46928388
Aniek,Hulsbergen,Hilversum,1218 EC,A.Hulsbergen,Stereotyper,Mrs.,06-47295615
Carmela,Boele,Utrecht,3522 RA,C.Boele,Drilling and boring machine tool setter,Ms.,06-11156346
Ani,Kruizinga,Leeuwarden,8911 AA,A.Kruizinga,Account clerk,Ms.,06-35907477
Antonie,van der Schaft,Poortvliet,4693 PX,A.vanderSchaft,Mixing and blending machine operator,Mr.,06-74717588
Kimberley,Leeftink,Rotterdam,3022 GD,K.Leeftink,Animal breeder,Ms.,06-80418722
Phileine,Pietersz,Beverwijk,1941 GA,P.Pietersz,Loan counselor,Mrs.,06-68991899
ea?da?,Haverhoek,Marienheem,8106 PB,e.Haverhoek,Telecommunications equipment repairer,Mr.,06-48148000
Julien,Burgman,Emmen,7827 AK,J.Burgman,Child protective services social worker,Dr.,06-70258418
Frederic,Admiraal,Geldrop,5662 RP,F.Admiraal,Motorcycle mechanic,Mr.,06-43931936
Tommy,van Hooijdonk,Barneveld,3772 BM,T.vanHooijdonk,Curriculum specialist,Mr.,06-25581368
Janienke,Doran,Zutphen,7205 BS,J.Doran,Emergency and disaster response worker,Ms.,06-92292793
Sekre,Nuijen,s-Gravenzande,2691 CV,S.Nuijen,Conservation forester,Mr.,06-82769243
Marija,Oostveen,Schagen,1741 GS,M.Oostveen,Office clerk,Mrs.,06-40159995
Atze,van Galen,Markelo,7475 NJ,A.vanGalen,Personnel coordinator,Mr.,06-68358911
Loes,de Man,Emmer-Compascuum,7881 XK,L.deMan,Ordnance handling expert,Mrs.,06-33423269
Hester,Rupert,Barendrecht,2992 KC,H.Rupert,Optical goods worker,Mrs.,06-69685395
Jackson,Scheffers,Tienhoven,3612 AC,J.Scheffers,Sales engineer,Mr.,06-93273634
Mattijn,Bouma,Susteren,6114 JB,M.Bouma,Merchandise window trimmer,Mr.,06-96562141
Nursel,Boskamp,Almelo,7607 KL,N.Boskamp,Industrial millwright,Mrs.,06-63847678
Alana,van Hofwegen,Haarlem,2035 BH,A.vanHofwegen,Show host,Ms.,06-38157084
Arslan,van Lienden,Coevorden,7741 NE,A.vanLienden,Groundskeeping worker,Mr.,06-37235169
Danae,Meijers,Groningen,9743 EV,D.Meijers,Medical geographer,Ms.,06-41907965
Alieke,van der Leeden,Delft,2611 XE,A.vanderLeeden,High school counselor,Ms.,06-28654366
Yonis,Lamens,Bleskensgraaf,2971 BC,Y.Lamens,Political analyst,Mr.,06-23245977
Gijsje,van Haasteren,Sliedrecht,3361 EP,G.vanHaasteren,Oceanographer,Mrs.,06-51102486
Pleun,Telkamp,Franeker,8801 HG,P.Telkamp,Medical coder,Dr.,06-56697573
Abdi,Rebel,Helmond,5706 LR,A.Rebel,Fitness worker,Mr.,06-61188523
Princess,Kamer,Haarlem,2015 CT,P.Kamer,Restaurant manager,Ms.,06-61670689
Machiel,Jacob,Apeldoorn,7323 AL,M.Jacob,Public accountant,Mr.,06-48665501
Chad,van Alfen,Koningsbosch,6104 AJ,C.vanAlfen,Nurse practitioner,Mr.,06-29818281
Norine,Boven,Rotterdam,3034 XE,N.Boven,Encoding clerk,Mrs.,06-21522455
Sjoukje,Nota,Manderveen,7664 VJ,S.Nota,Substance abuse and behavioral disorder counselor,Ms.,06-74509487
Arti,Kras,Biddinghuizen,8256 HL,A.Kras,Sports book writer,Ms.,06-74531279
Abdiaziz,Kamping,Capelle aan den IJssel,2903 TL,A.Kamping,Automotive service technician,Mr.,06-26508433
Amela,van Looij,Hulshorst,8077 RA,A.vanLooij,Computer-controlled machine tool operator,Mrs.,06-59754852
Ingmar,Wierstra,Zutphen,7203 BJ,I.Wierstra,Refrigeration mechanic,Ms.,06-22263037
Kassandra,Doldersum,Rotterdam,3052 PT,K.Doldersum,Structural and reinforcing iron and metal worker,Ms.,06-10481726
Cheng,Fidom,Purmerend,1445 KV,C.Fidom,Information specialist,Mr.,06-34334317
Mirko,Mouthaan,Ede,6718 TE,M.Mouthaan,Macromolecular chemist,Mr.,06-22410785
Jaromir,Haase,Amsterdam,1052 AG,J.Haase,Gas pumping station operator,Mr.,06-34202970
Imar,Bekers,Heerhugowaard,1705 CJ,I.Bekers,Fishing vessel operator,Mr.,06-35595203
Adelheid,Baan,Deventer,7421 LL,A.Baan,Fabric mender,Mrs.,06-51029612
Mathijs,Dekkers,Rhoon,3161 EN,M.Dekkers,Automotive glass installer,Dr.,06-79357304
Nour-Eddine,Hiddink,Elst,6661 EC,Nour-E.Hiddink,Rancher,Mr.,06-56753160
Rashied,Vrede,Nieuwegein,3435 RS,R.Vrede,Oral and maxillofacial radiologist,Mr.,06-44518833
Elseline,Nomden,Den Haag,2492 TJ,E.Nomden,Brokerage clerk,Ms.,06-12346275
Antonio,'t Hoen,Wierum,9141 TV,A.'tHoen,Cartoonist,Mr.,06-48210505
Renier,Kappen,Middelburg,4332 SK,R.Kappen,Manufacturers,Mr.,06-60319918
Janske,Heijmen,s-Gravendeel,3295 KK,J.Heijmen,Broadcast and sound engineering technician,Ms.,06-54574988
Winand,Volders,Beekbergen,7361 GD,W.Volders,Aircraft surfaces assembler,Mr.,06-93658569
Irena,Knobbe,Hoofddorp,2131 PM,I.Knobbe,Real estate closer,Mrs.,06-13631900
Danieke,Zwart,Amersfoort,3817 DD,D.Zwart,Aquaculture farmer,Mrs.,06-27974425
Clim,Pouwels,Zoetermeer,2726 BJ,C.Pouwels,Plant manager,Mr.,06-57495592
Nathaniel,Holtrop,De Bilt,3732 XK,N.Holtrop,Remote sensing specialist,Mr.,06-73644905
Marcin,Vleeming,Hoogeveen,7901 GB,M.Vleeming,Allopathic physician,Mr.,06-41588218
Crystal,Timmerman,Meijel,5768 AZ,C.Timmerman,Passenger service agent,Ms.,06-67576352
Sevine,Karstens,Emmen,7828 CB,S.Karstens,Consultant dietitian,Mrs.,06-49291182
Nur,van Deurzen,Vught,5262 RS,N.vanDeurzen,Electronics engineer,Mr.,06-79931515
Basma,van Buren,Vlaardingen,3132 XM,B.vanBuren,Industrial engineer,Ms.,06-48414608
